{
	"format_version": "1.12.0",
	"minecraft:geometry": [
		{
			"description": {
				"identifier": "geometry.unknown",
				"texture_width": 128,
				"texture_height": 128,
				"visible_bounds_width": 3,
				"visible_bounds_height": 3.5,
				"visible_bounds_offset": [0, 1.25, 0]
			},
			"bones": [
				{
					"name": "main",
					"pivot": [0, 0, 0]
				},
				{
					"name": "leg4",
					"parent": "main",
					"pivot": [2, 5, -3],
					"cubes": [
						{"origin": [0, 0, -6], "size": [5, 5, 4], "uv": [0, 32]},
						{"origin": [0, 0, -6], "size": [5, 5, 4], "inflate": 2, "uv": [0, 119]}
					]
				},
				{
					"name": "leg3",
					"parent": "main",
					"pivot": [-2, 5, -3],
					"cubes": [
						{"origin": [-5, 0, -6], "size": [5, 5, 4], "uv": [14, 38]},
						{"origin": [-5, 0, -6], "size": [5, 5, 4], "inflate": 2, "uv": [0, 119]}
					]
				},
				{
					"name": "leg2",
					"parent": "main",
					"pivot": [2, 5, 3],
					"cubes": [
						{"origin": [0, 0, 2], "size": [5, 5, 4], "uv": [0, 32]},
						{"origin": [0, 0, 2], "size": [5, 5, 4], "inflate": 2, "uv": [0, 119]}
					]
				},
				{
					"name": "leg1",
					"parent": "main",
					"pivot": [-2, 5, 3],
					"cubes": [
						{"origin": [-5, 0, 2], "size": [5, 5, 4], "uv": [14, 38]},
						{"origin": [-5, 0, 2], "size": [5, 5, 4], "inflate": 2, "uv": [0, 119]}
					]
				},
				{
					"name": "body",
					"parent": "main",
					"pivot": [0, 5, 0],
					"cubes": [
						{"origin": [-4, 5, -4], "size": [8, 6, 8], "uv": [24, 24]},
						{"origin": [-5, 7, -4], "size": [10, 2, 6], "pivot": [0, 7, -4], "rotation": [15, 0, 0], "uv": [24, 0]},
						{"origin": [-4, 5, -4], "size": [8, 6, 8], "inflate": 2, "uv": [24, 114]}
					]
				},
				{
					"name": "neck1",
					"parent": "body",
					"pivot": [0, 11, 0]
				},
				{
					"name": "head3",
					"parent": "neck1",
					"pivot": [0, 11, 0],
					"cubes": [
						{"origin": [-4, 11, -4], "size": [8, 8, 8], "uv": [0, 0]},
						{"origin": [-4, 11, -4], "size": [8, 8, 8], "inflate": 2, "uv": [0, 112]}
					]
				},
				{
					"name": "neck2",
					"parent": "neck1",
					"pivot": [0, 19, 0]
				},
				{
					"name": "head2",
					"parent": "neck2",
					"pivot": [0, 19, 0],
					"cubes": [
						{"origin": [-4, 19, -4], "size": [8, 8, 8], "uv": [24, 8]},
						{"origin": [-4, 19, -4], "size": [8, 8, 8], "inflate": 2, "uv": [0, 112]}
					]
				},
				{
					"name": "neck3",
					"parent": "neck2",
					"pivot": [0, 27, 0]
				},
				{
					"name": "head_1",
					"parent": "neck3",
					"pivot": [0, 27, 0],
					"cubes": [
						{"origin": [-4, 27, -4], "size": [8, 8, 8], "uv": [0, 16]},
						{"origin": [-4, 27, -4], "size": [8, 8, 8], "inflate": 2, "uv": [0, 112]}
					]
				}
			]
		}
	]
}