{
	"format_version": "1.8.0",
	"animations": {
		"animation.creeper.idle": {
			"loop": true,
			"animation_length": 4,
			"bones": {
				"leg4": {
					"rotation": {
						"vector": [0, -15, 0]
					}
				},
				"leg3": {
					"rotation": {
						"vector": [0, 15, 0]
					}
				},
				"leg2": {
					"rotation": {
						"vector": [0, 15, 0]
					}
				},
				"leg1": {
					"rotation": {
						"vector": [0, -15, 0]
					}
				},
				"body": {
					"rotation": {
						"vector": ["Math.cos(query.anim_time * 180) * 1", 0, 0]
					}
				},
				"head3": {
					"rotation": {
						"0.2083": {
							"vector": [0, 0, 0]
						},
						"0.5417": {
							"vector": [0, 25, 0]
						},
						"1.0": {
							"vector": [0, 25, 0]
						},
						"1.4167": {
							"vector": [0, 0, 0],
							"easing": "easeInQuad"
						},
						"2.25": {
							"vector": [0, 0, 0]
						},
						"2.625": {
							"vector": [0, -20, 0]
						},
						"2.875": {
							"vector": [0, -20, 0]
						},
						"3.1667": {
							"vector": [0, 0, 0],
							"easing": "easeInQuad"
						}
					}
				},
				"head2": {
					"rotation": {
						"0.0": {
							"vector": [0, -17.5, 0]
						},
						"0.4167": {
							"vector": [0, -17.5, 0]
						},
						"0.7083": {
							"vector": [0, 0, 0],
							"easing": "easeInQuad"
						},
						"1.5417": {
							"vector": [0, 0, 0]
						},
						"1.875": {
							"vector": [0, 35, 0],
							"easing": "easeInQuad"
						},
						"2.25": {
							"vector": [0, 35, 0],
							"easing": "easeInQuad"
						},
						"2.5417": {
							"vector": [0, 0, 0],
							"easing": "easeInQuad"
						},
						"3.625": {
							"vector": [0, 0, 0]
						},
						"3.9583": {
							"vector": [0, -17.5, 0]
						}
					}
				},
				"head_1": {
					"rotation": {
						"0.875": {
							"vector": [0, 0, 0]
						},
						"1.0417": {
							"vector": [0, 15, 0]
						},
						"1.2083": {
							"vector": [0, 15, 0]
						},
						"1.5": {
							"vector": [0, 0, 0],
							"easing": "easeInQuad"
						},
						"2.7083": {
							"vector": [0, 0, 0]
						},
						"3.0": {
							"vector": [0, 30, 0]
						},
						"3.5": {
							"vector": [0, 30, 0]
						},
						"3.9167": {
							"vector": [0, 0, 0],
							"easing": "easeInQuad"
						}
					}
				}
			}
		},
		"animation.creeper.walk": {
			"loop": true,
			"animation_length": 1,
			"bones": {
				"leg4": {
					"rotation": {
						"vector": ["Math.cos(query.anim_time * 360) * 12", -15, 0]
					},
					"position": {
						"0.0": {
							"vector": [0, 0, 0.5]
						},
						"0.25": {
							"vector": [0, 1.5, -0.5]
						},
						"0.5": {
							"vector": [0, 0, -0.5],
							"easing": "easeOutSine"
						},
						"1.0": {
							"vector": [0, 0, 0.5]
						}
					}
				},
				"leg3": {
					"rotation": {
						"vector": ["Math.cos(query.anim_time * 360) * -12", 15, 0]
					},
					"position": {
						"0.0": {
							"vector": [0, 0, -0.5]
						},
						"0.5": {
							"vector": [0, 0, 0.5]
						},
						"0.75": {
							"vector": [0, 1.5, -0.5]
						},
						"1.0": {
							"vector": [0, 0, -0.5],
							"easing": "easeOutSine"
						}
					}
				},
				"leg2": {
					"rotation": {
						"vector": ["Math.sin(query.anim_time * 360) * 12", 15, 0]
					},
					"position": {
						"0.0": {
							"vector": [0, 0, 0]
						},
						"0.25": {
							"vector": [0, 0, 0.5]
						},
						"0.5": {
							"vector": [0, 1.5, -0.5]
						},
						"0.75": {
							"vector": [0, 0, -0.5],
							"easing": "easeOutSine"
						},
						"1.0": {
							"vector": [0, 0, 0]
						}
					}
				},
				"leg1": {
					"rotation": {
						"vector": ["Math.sin(query.anim_time * 360) * -12", -15, 0]
					},
					"position": {
						"0.0": {
							"vector": [0, 1.5, -0.5]
						},
						"0.25": {
							"vector": [0, 0, -0.5],
							"easing": "easeOutSine"
						},
						"0.5": {
							"vector": [0, 0, 0]
						},
						"0.75": {
							"vector": [0, 0, 0.5]
						},
						"1.0": {
							"vector": [0, 1.5, -0.5]
						}
					}
				},
				"body": {
					"rotation": {
						"vector": [0, "Math.cos(query.anim_time * 360) * 5", "Math.cos(query.anim_time * 360) * 2"]
					},
					"position": {
						"vector": [0, "Math.sin(query.anim_time * 720) * 0.3", 0]
					}
				},
				"head3": {
					"position": {
						"vector": ["Math.cos((query.anim_time - 0.0) * 360) * 0.7", 0, 0]
					}
				},
				"head2": {
					"position": {
						"vector": ["Math.cos((query.anim_time - 0.2) * 360) * 0.8", 0, 0]
					}
				},
				"head_1": {
					"position": {
						"vector": ["Math.cos((query.anim_time - 0.3) * 360) * 1.0", 0, 0]
					}
				}
			}
		},
		"animation.creeper.attack": {
			"loop": true,
			"animation_length": 0.5,
			"bones": {
				"body": {
					"rotation": {
						"vector": ["Math.sin((query.anim_time - 0.0) * 720) * 18", 0, 0]
					}
				},
				"neck1": {
					"rotation": {
						"vector": ["Math.sin((query.anim_time - 0.1) * 720) * 22", 0, 0]
					}
				},
				"neck2": {
					"rotation": {
						"vector": ["Math.sin((query.anim_time - 0.2) * 720) * 26", 0, 0]
					}
				},
				"neck3": {
					"rotation": {
						"vector": ["Math.sin((query.anim_time - 0.2) * 720) * 30", 0, 0]
					}
				}
			}
		}
	},
	"geckolib_format_version": 2
}